<?xml version="1.0" encoding="UTF-8"?>
<!DOCTYPE suite SYSTEM "http://testng.org/testng-1.0.dtd">
<suite name="Regression Suite">
    <listeners>
        <!--        data-provider-thread-count="3"-->
        <listener
                class-name="framework.Listeners"/>
        <listener
                class-name="framework.HtmlReporter"/>
    </listeners>
    <test thread-count="5" name="Tours &amp; Activities Booking">
        <parameter name="BookingType" value="Tours &amp; Activities"/>
        <classes>
            <class name="BookingTest">
                <methods>
                    <include name="createBooking"/>
                </methods>
            </class>
        </classes>
    </test>
    <test thread-count="5" name="Hotel Booking">
        <parameter name="BookingType" value="Hotels"/>
        <classes>
            <class name="BookingTest">
                <methods>
                    <include name="createBooking"/>
                </methods>
            </class>
        </classes>
    </test>
    <test thread-count="5" name="Transportation Booking">
        <parameter name="BookingType" value="Transportation"/>
        <classes>
            <class name="BookingTest">
                <methods>
                    <include name="createTranportBooking"/>
                </methods>
            </class>
        </classes>
    </test>
    <test thread-count="5" name="Dining Booking">
        <parameter name="BookingType" value="Dining"/>
        <classes>
            <class name="BookingTest">
                <methods>
                    <include name="createDiningBooking"/>
                </methods>
            </class>
        </classes>
    </test>

</suite>
